{
    "_id" : ObjectId("656d6d1c8b969c766e27a4e5"),
    "title" : "d",
    "description" : "dfg",
    "dueDate" : ISODate("2023-12-04T06:08:42.409+0000"),
    "status" : "pending",
    "category" : "work",
    "createdAt" : ISODate("2023-12-04T06:09:32.702+0000")
}
{
    "_id" : ObjectId("656d6ed77414edd08e1b88dc"),
    "title" : "sfsdf",
    "description" : "sdfsdf",
    "dueDate" : ISODate("2023-12-04T06:16:50.228+0000"),
    "status" : "completed",
    "category" : "work",
    "createdAt" : ISODate("2023-12-04T06:16:55.724+0000")
}
{
    "_id" : ObjectId("656d6eef7414edd08e1b88dd"),
    "title" : "dfgdfg",
    "description" : "dfgdfg",
    "dueDate" : ISODate("2023-12-04T06:17:15.319+0000"),
    "status" : "pending",
    "category" : "personal",
    "createdAt" : ISODate("2023-12-04T06:17:19.713+0000")
}
{
    "_id" : ObjectId("656d6f3b7414edd08e1b88de"),
    "title" : null,
    "description" : null,
    "dueDate" : ISODate("1970-01-01T00:00:00.000+0000"),
    "status" : "completed",
    "category" : null,
    "createdAt" : ISODate("2023-12-04T06:18:35.947+0000")
}
{
    "_id" : ObjectId("656d6f577414edd08e1b88df"),
    "title" : null,
    "description" : null,
    "dueDate" : ISODate("1970-01-01T00:00:00.000+0000"),
    "status" : "completed",
    "category" : null,
    "createdAt" : ISODate("2023-12-04T06:19:03.771+0000")
}
{
    "_id" : ObjectId("656d6ff5fa257c73a30957e4"),
    "title" : "sdfsdf",
    "description" : "sdfsdf",
    "dueDate" : ISODate("2023-12-04T06:21:37.351+0000"),
    "status" : "pending",
    "category" : "personal",
    "createdAt" : ISODate("2023-12-04T06:21:41.129+0000"),
    "uid" : "656adcb88a937a9535f3aa04"
}
{
    "_id" : ObjectId("656d6ffffa257c73a30957e5"),
    "title" : "a",
    "description" : "",
    "dueDate" : ISODate("2023-12-04T06:21:41.139+0000"),
    "status" : "pending",
    "category" : "personal",
    "createdAt" : ISODate("2023-12-04T06:21:51.177+0000"),
    "uid" : "656adcb88a937a9535f3aa04"
}
{
    "_id" : ObjectId("656d7009fa257c73a30957e6"),
    "title" : "aaaa",
    "description" : "sdgsdfg",
    "dueDate" : ISODate("2023-12-04T06:21:51.184+0000"),
    "status" : "pending",
    "category" : "work",
    "createdAt" : ISODate("2023-12-04T06:22:01.280+0000"),
    "uid" : "656adcb88a937a9535f3aa04"
}
{
    "_id" : ObjectId("656d7ae863aa586858251a80"),
    "title" : "gdfgdf",
    "description" : "gdfgdfg",
    "dueDate" : ISODate("2023-12-04T07:08:19.021+0000"),
    "status" : "pending",
    "category" : "work",
    "createdAt" : ISODate("2023-12-04T07:08:24.817+0000"),
    "uid" : "656d794e9c01544318d2b3d0"
}
{
    "_id" : ObjectId("656dab6f48e51b08314be9b7"),
    "title" : "task1",
    "description" : "desc1",
    "dueDate" : ISODate("2023-12-28T10:35:08.000+0000"),
    "status" : "pending",
    "category" : "personal",
    "createdAt" : ISODate("2023-12-04T10:35:27.016+0000"),
    "uid" : "656dab4f48e51b08314be9b6"
}
{
    "_id" : ObjectId("656dab7c48e51b08314be9b8"),
    "title" : "task2 sub 1",
    "description" : "desc modified",
    "dueDate" : "2023-12-21T10:35:27.000Z",
    "status" : "completed",
    "category" : "shopping",
    "createdAt" : ISODate("2023-12-04T10:35:40.262+0000"),
    "uid" : "656dab4f48e51b08314be9b6",
    "id" : "656dab7c48e51b08314be9b8"
}
