{
    "_id" : ObjectId("656adcb88a937a9535f3aa04"),
    "username" : "admin",
    "email" : "arifmohamed44@gmail.com",
    "password" : "$2a$10$YrNEGyT5a7tZQtxl3gGYLefZp.EEv6u64gCXnvRsBw0coQ.uBAt6C",
    "token" : "eyJhbGciOiJIUzI1NiIsInR5cCI6IkpXVCJ9.eyJlbWFpbCI6ImFyaWZtb2hhbWVkNDRAZ21haWwuY29tIiwiX2lkIjoiNjU2YWRjYjg4YTkzN2E5NTM1ZjNhYTA0IiwiaWF0IjoxNzAxNjc0ODA1LCJleHAiOjE3MDE2Nzg0MDV9.nLUnXSqTdutZwki1ozc8lWyrVhfDKGQ1G1Ska_Pn0r4"
}
{
    "_id" : ObjectId("656c067701c5e784fee3198f"),
    "username" : "sdfsdfsdf",
    "email" : "farhana000008@gmail.com",
    "password" : "$2a$10$b9Iv1GpH5Vj6Pt7TRLNP1eT56LmAVA1IeP7PaIyR3qZaXcgT6yqO."
}
{
    "_id" : ObjectId("656c06de01c5e784fee31990"),
    "username" : "sdfsdfsdf",
    "email" : "sdfsdfsdf@gmail.com",
    "password" : "$2a$10$7XUU6SIjIpBT9KjEdpCn.em.ri3h34xjCRN9TzY/i0GYWJGQfa1tO"
}
{
    "_id" : ObjectId("656c0b4701c5e784fee31991"),
    "username" : "sdfsdf",
    "email" : "oidhjfosfh@gmail.com",
    "password" : "$2a$10$8fHL3ihg8iSkv3zoZFTpOus1.d5x5Rhl4k3rHmBwzfQgoN.J1Gr2u"
}
{
    "_id" : ObjectId("656c0fb401c5e784fee31992"),
    "username" : "asdasd",
    "email" : "asdasdasdasd@gmail.com",
    "password" : "$2a$10$zcH2lJ4TpKO77hpCfo8r0ODBEqcBHdafm34cgop308IrHrg9sHLI."
}
{
    "_id" : ObjectId("656c103c01c5e784fee31993"),
    "username" : "arifmohame",
    "email" : "sadasdasd@gmail.com",
    "password" : "$2a$10$xxzwJ6p.yhDu0tNjCGV/yOn6VR/8XDrzBLi1hMPAxKnmHGX17nOne"
}
{
    "_id" : ObjectId("656c10ad01c5e784fee31994"),
    "username" : "sdfsdfsdf",
    "email" : "sdfsssssdfsdf@gmail.com",
    "password" : "$2a$10$PQLe1L2xFrCkvjilErcjE.Wy2UU0cK9LqyymxeBDu.4e6jZVJmj8C"
}
{
    "_id" : ObjectId("656c10ec01c5e784fee31995"),
    "username" : "sdfsdf",
    "email" : "dfgdfgdsgdshgdifhug@gmail.com",
    "password" : "$2a$10$5tlxvWFfX5xq2wTH8JsBuOB9WqWqE8MGIbDt8gjur8i3SGhHpjiui"
}
{
    "_id" : ObjectId("656c112d01c5e784fee31996"),
    "username" : "sdfsdf",
    "email" : "arifmohamesssssds04@gmail.com",
    "password" : "$2a$10$JG9ZmmOqOamnm5Ub4q/WzecrmzJ5/cDrstcnmIz9PKfXQa5ntW2DW"
}
{
    "_id" : ObjectId("656c11b201c5e784fee31997"),
    "username" : "sdfsdf",
    "email" : "arifmohaaaaamed44@gmail.com",
    "password" : "$2a$10$uHUhsDosnUQHBXfw3PIEgeeRn/gN1/GyhvBSf6TKejby.4.z7sGA6"
}
{
    "_id" : ObjectId("656c11f001c5e784fee31998"),
    "username" : "sdfsdf",
    "email" : "farhansssa000008@gmail.com",
    "password" : "$2a$10$1q11YjTVV57fpwmqBAip0..rD.IyatbMquKF7bVu2CdLnP3NzJbqy"
}
{
    "_id" : ObjectId("656c123f01c5e784fee31999"),
    "username" : "sdfsdf",
    "email" : "arifmoxxxxhamed44@gmail.com",
    "password" : "$2a$10$LLAm2kFywWy5q8AQgRDIbe8eBHkGf/SIAITiiq7nQqKtdlBzIgDR."
}
{
    "_id" : ObjectId("656c133301c5e784fee3199a"),
    "username" : "sdfsdf",
    "email" : "sdfsdfdddddsdf@gmail.com",
    "password" : "$2a$10$QcS/QdzYEYJArH4H22tTP.I9pHT6QYSZ3j399rrzzdjncHsJYxnV6"
}
{
    "_id" : ObjectId("656c13fe01222049ed2e4ddc"),
    "username" : "sdfsdf",
    "email" : "arifmohameds04@gmail.com",
    "password" : "$2a$10$GD4gyKVbszQQ1UnIXPrMtuqWz0fnklCWoYg6RhizPTgyw/ixfpXwy"
}
{
    "_id" : ObjectId("656c144001222049ed2e4ddd"),
    "username" : "sdfsdf",
    "email" : "ssdfsdf@gmail.com",
    "password" : "$2a$10$s7BIs91NRMSYuMi49hp75eVbUtFRuLkJ/8sAXypyFqwAwUtNTvoIW"
}
{
    "_id" : ObjectId("656c147901222049ed2e4dde"),
    "username" : "sdfsdf",
    "email" : "arifmohdfdameds04@gmail.com",
    "password" : "$2a$10$77wfxZcXgWHRx/XPXEJmq.KopkVXY/Z.EUXn4c5kdQOmANDHMGBrW"
}
{
    "_id" : ObjectId("656c253e01222049ed2e4ddf"),
    "username" : "sdfsdf",
    "email" : "erererarifmohameds04@gmail.com",
    "password" : "$2a$10$wZdaYuC5IJwIuPGpVvOkEuZe0mxbGE3rxBnk5UceKg5Ctm600mD7S"
}
{
    "_id" : ObjectId("656c25b401222049ed2e4de0"),
    "username" : "sdfsdf",
    "email" : "sdfsdfsdf@gmail.comn",
    "password" : "$2a$10$nm14yJK73ZwNA38jA4Zrgu20x3C/iNNgHiWb7zbSU3TGvjWn6DX.a"
}
{
    "_id" : ObjectId("656c262f01222049ed2e4de1"),
    "username" : "sdfsdf",
    "email" : "sadfsdfsd@gmail.com",
    "password" : "$2a$10$haqPqRrFt.EUwmUmDOBO7uTUHDE7y/e4Sn/r1.RzG.nllLCOcBKmG"
}
{
    "_id" : ObjectId("656c26d037e6f2d25d5aa64f"),
    "username" : "sdfsdf",
    "email" : "arifmohaaameds04@gmail.com",
    "password" : "$2a$10$xOTR7h5twYWbMtNYA/iZEOso4yA8X0G.iSnTFcvgJcBI/XCWh560O"
}
{
    "_id" : ObjectId("656c270c37e6f2d25d5aa650"),
    "username" : "sdfsdf",
    "email" : "arifmssohamed44@gmail.com",
    "password" : "$2a$10$UzNIGrgta/Q1xaGWnB.HBuui1IbnHzwVKTlkMGwFYuxL6PEKMcV8i"
}
{
    "_id" : ObjectId("656c272437e6f2d25d5aa651"),
    "username" : "sdfsdfsdf",
    "email" : "arifmosdsdhameds04@gmail.com",
    "password" : "$2a$10$83zf5k/SB4PvsyuTu/9jlepMd/D7MqEYVIHaYOVPGXiFuxm/Jnjr."
}
{
    "_id" : ObjectId("656c31107a505004018f2542"),
    "username" : "sdfkskdbgbfiku",
    "email" : "hokhskdhfksjdb@gmail.com",
    "password" : "$2a$10$ee.t00YtBgigzUWPmw8mZ.QpP2K6UvE2sdUZgkVSQTEJUav/jO.fi"
}
{
    "_id" : ObjectId("656c31447a505004018f2543"),
    "username" : "sgkuuhbiu",
    "email" : "iugsdifgu@gmail.com",
    "password" : "$2a$10$d9ai8cn2fGo7ycyuTE7VvOIokdwElkQUIzOkEHsw/4V8g4QW2Pf2O"
}
{
    "_id" : ObjectId("656c31907a505004018f2544"),
    "username" : "asdfasd",
    "email" : "asdasd@gmail.com",
    "password" : "$2a$10$hk/x1dlNHRVekotI3D/Ccuhwy2eEZwtwdYg3MhI/xWpu5CfSQrxR2"
}
{
    "_id" : ObjectId("656c31d77a505004018f2545"),
    "username" : "sdgsdofoih",
    "email" : "oihisudhfishdu@gmail.com",
    "password" : "$2a$10$MaKrcPSLoaREBJH5z3F/nOay/pUdROdrhddiLiFfpIL/XjSKV9n0O"
}
{
    "_id" : ObjectId("656c324f7a505004018f2546"),
    "username" : "sdfsdfsdf",
    "email" : "sdfsdf@gmasil.com",
    "password" : "$2a$10$ic6XnOsBVAMuF3I4FYmnfOI43PFi3PvKDY3CTPZWamCk4KjEWh8hW"
}
{
    "_id" : ObjectId("656c32617a505004018f2547"),
    "username" : "sdfsdfsdf",
    "email" : "sdfsdfdsfsdfsdf@gmail.compodjksfgpdfjog",
    "password" : "$2a$10$D0D1WSEWt45EVjXkx0r1I.RdMhfpZsWDzcyKJgOceJNYbKjePfVMC"
}
{
    "_id" : ObjectId("656c32c401eac84e1c6ff75c"),
    "username" : "sdfsdfsdf",
    "email" : "sdfsdfsdfgsdfsdf@gmail.com",
    "password" : "$2a$10$n6ECuj7zpl2RY8SKt1O/JeSavEh2yMFj.xaFK8wWZuL1WF2sBakzm"
}
{
    "_id" : ObjectId("656c8a41562cc1411a263b7e"),
    "username" : "admion7",
    "email" : "adminbrdwS@hmail.com",
    "password" : "$2a$10$EUBgGfQqZ3.hXonzCPhmK.A5pkS5gsYfUznB5l6Xu3kBv6t8tvFB6",
    "userId" : NaN
}
{
    "_id" : ObjectId("656c8bed86e9935ea880bd93"),
    "username" : "admin8",
    "email" : "admin8@gmail.com",
    "password" : "$2a$10$ooH0O9mUh5LH797trA02EuAVnJQdp/pXjXNt8M1hY.1Ly54dNLajm",
    "userId" : NaN
}
{
    "_id" : ObjectId("656ca14fb50dce0d8a61c9e9"),
    "username" : "sugusgfugsf",
    "email" : "iugfusgdfu@gmail.com",
    "password" : "$2a$10$rS32IeyXTQTduN5M6gPenuLEmrgTrQG7wzAXPLp81bg1YQs3a146O",
    "userId" : NaN
}
{
    "_id" : ObjectId("656d3f17ccdbd2fa6c975213"),
    "username" : "admin10",
    "email" : "admin10@gmail.com",
    "password" : "$2a$10$.zS5qR91PZRGxqUCN4imfOS4DgyXQhDtbQjAZu8Sw.dBe7Ai/Xveq",
    "userId" : NaN
}
{
    "_id" : ObjectId("656d794e9c01544318d2b3d0"),
    "username" : "admin12",
    "email" : "admin12@gmail.com",
    "password" : "$2a$10$qgyayC9Q7.c72dw2.277YuCBBHbOPWNZibAhQN9l3l3nsRuRmq6AK",
    "userId" : NaN,
    "token" : "eyJhbGciOiJIUzI1NiIsInR5cCI6IkpXVCJ9.eyJlbWFpbCI6ImFkbWluMTJAZ21haWwuY29tIiwiX2lkIjoiNjU2ZDc5NGU5YzAxNTQ0MzE4ZDJiM2QwIiwiaWF0IjoxNzAxNjc0ODIyLCJleHAiOjE3MDE2Nzg0MjJ9.tluXTIwUERSw1qJo37EZDvBMvUi8Q-DGgSfZuwlbngY"
}
{
    "_id" : ObjectId("656dab4f48e51b08314be9b6"),
    "username" : "admin13",
    "email" : "admin13@gmail.com",
    "password" : "$2a$10$VF76o/r1Yx9viJHx0jLj0OJn5g3PjJ5KGOWbK3lCQ4cC23LYSDNjy",
    "userId" : NaN,
    "token" : "eyJhbGciOiJIUzI1NiIsInR5cCI6IkpXVCJ9.eyJlbWFpbCI6ImFkbWluMTNAZ21haWwuY29tIiwiX2lkIjoiNjU2ZGFiNGY0OGU1MWIwODMxNGJlOWI2IiwiaWF0IjoxNzAxNjg2MjIyLCJleHAiOjE3MDE2ODk4MjJ9.6gXdQXhrUY05NeoNHldig9HgDeD9uIeIDoQIXB9kugg"
}
